id,name,price,rating,colors,size,gender,timestamp
1,shirt 2,1634400.0,3.9,3,M,Women,2025-06-11 16:29:56.407188
2,Hoodie 3,7950080.0,4.8,3,L,Unisex,2025-06-11 16:29:56.407188
3,Pants 4,7476960.0,3.3,3,XL,Men,2025-06-11 16:29:56.407188
4,Outerwear 5,5145440.0,3.5,3,XXL,Women,2025-06-11 16:29:56.407188
5,Jacket 6,2453920.0,3.3,3,S,Unisex,2025-06-11 16:29:56.407188
6,Crewneck 7,6892000.0,4.3,3,M,Men,2025-06-11 16:29:56.407188
7,shirt 8,7802560.0,3.1,3,L,Women,2025-06-11 16:29:56.407188
8,Hoodie 9,3972160.0,3.2,3,XL,Unisex,2025-06-11 16:29:56.407188
9,Pants 10,3100160.0,4.2,3,XXL,Men,2025-06-11 16:29:56.407188
10,Jacket 12,8527840.0,3.9,3,M,Unisex,2025-06-11 16:29:56.407188
11,Crewneck 13,5447200.0,3.2,3,L,Men,2025-06-11 16:29:56.407188
12,shirt 14,3248800.0,3.8,3,XL,Women,2025-06-11 16:29:56.407188
13,Hoodie 15,2184160.0,3.6,3,XXL,Unisex,2025-06-11 16:29:56.407188
14,Outerwear 17,841600.00,3.8,3,M,Women,2025-06-11 16:29:56.407188
15,Jacket 18,5500000.0,3.8,3,L,Unisex,2025-06-11 16:29:56.407188
16,Crewneck 19,1308960.0,3.6,3,XL,Men,2025-06-11 16:29:56.407188
17,shirt 20,1325600.0,3.4,3,XXL,Women,2025-06-11 16:29:56.407188
18,Pants 22,4319680.0,4.9,3,M,Men,2025-06-11 16:29:57.144027
19,Outerwear 23,4655840.0,3.7,3,L,Women,2025-06-11 16:29:57.144027
20,Jacket 24,8223520.0,3.9,3,XL,Unisex,2025-06-11 16:29:57.144027
21,Crewneck 25,8322560.0,3.3,3,XXL,Men,2025-06-11 16:29:57.144027
22,shirt 26,7292320.0,4.6,3,S,Women,2025-06-11 16:29:57.144027
23,Hoodie 27,3551840.0,4.8,3,M,Unisex,2025-06-11 16:29:57.144027
24,Pants 28,5216160.0,4.0,3,L,Men,2025-06-11 16:29:57.144027
25,Outerwear 29,861600.00,3.1,3,XL,Women,2025-06-11 16:29:57.144027
26,Jacket 30,8610240.0,3.7,3,XXL,Unisex,2025-06-11 16:29:57.144027
27,shirt 32,6657920.0,3.4,3,M,Women,2025-06-11 16:29:57.144027
28,Hoodie 33,7248160.0,3.5,3,L,Unisex,2025-06-11 16:29:57.144027
29,Pants 34,8362720.0,3.8,3,XL,Men,2025-06-11 16:29:57.144027
30,Outerwear 35,1356160.0,3.8,3,XXL,Women,2025-06-11 16:29:57.144027
31,Jacket 36,7249280.0,3.7,3,S,Unisex,2025-06-11 16:29:57.144027
32,Crewneck 37,6006080.0,4.0,3,M,Men,2025-06-11 16:29:57.144027
33,shirt 38,4866080.0,3.2,3,L,Women,2025-06-11 16:29:57.144027
34,Hoodie 39,6431200.0,4.6,3,XL,Unisex,2025-06-11 16:29:57.144027
35,Pants 40,5853600.0,3.1,3,XXL,Men,2025-06-11 16:29:57.144027
36,Jacket 42,6744160.0,3.7,3,M,Unisex,2025-06-11 16:29:57.830424
37,Crewneck 43,2909600.0,4.5,3,L,Men,2025-06-11 16:29:57.830424
38,shirt 44,3312320.0,3.0,3,XL,Women,2025-06-11 16:29:57.830424
39,Hoodie 45,8693120.0,4.5,3,XXL,Unisex,2025-06-11 16:29:57.830424
40,Outerwear 47,6364640.0,3.2,3,M,Women,2025-06-11 16:29:57.830424
41,Jacket 48,4994720.0,3.4,3,L,Unisex,2025-06-11 16:29:57.830424
42,Crewneck 49,1071200.0,4.0,3,XL,Men,2025-06-11 16:29:57.830424
43,shirt 50,5932960.0,3.1,3,XXL,Women,2025-06-11 16:29:57.830424
44,Pants 52,1596480.0,4.0,3,M,Men,2025-06-11 16:29:57.830424
45,Outerwear 53,4470880.0,4.3,3,L,Women,2025-06-11 16:29:57.830424
46,Jacket 54,854560.00,4.2,3,XL,Unisex,2025-06-11 16:29:57.830424
47,Crewneck 55,1793760.0,3.6,3,XXL,Men,2025-06-11 16:29:57.830424
48,shirt 56,4643040.0,3.8,3,S,Women,2025-06-11 16:29:57.830424
49,Hoodie 57,3155360.0,4.9,3,M,Unisex,2025-06-11 16:29:57.830424
50,Pants 58,1637760.0,4.4,3,L,Men,2025-06-11 16:29:57.830424
51,Outerwear 59,2254240.0,4.6,3,XL,Women,2025-06-11 16:29:57.830424
52,Jacket 60,3375520.0,4.2,3,XXL,Unisex,2025-06-11 16:29:57.830424
53,shirt 62,1376480.0,3.8,3,M,Women,2025-06-11 16:29:58.566798
54,Hoodie 63,6479200.0,3.6,3,L,Unisex,2025-06-11 16:29:58.566798
55,Pants 64,7728480.0,4.0,3,XL,Men,2025-06-11 16:29:58.566798
56,Outerwear 65,2385920.0,4.1,3,XXL,Women,2025-06-11 16:29:58.566798
57,Jacket 66,4353120.0,3.5,3,S,Unisex,2025-06-11 16:29:58.566798
58,Crewneck 67,8470720.0,3.5,3,M,Men,2025-06-11 16:29:58.566798
59,shirt 68,8025280.0,4.0,3,L,Women,2025-06-11 16:29:58.566798
60,Hoodie 69,1027840.0,3.6,3,XL,Unisex,2025-06-11 16:29:58.566798
61,Pants 70,1171360.0,4.4,3,XXL,Men,2025-06-11 16:29:58.566798
62,Jacket 72,3776000,4.4,3,M,Unisex,2025-06-11 16:29:58.566798
63,Crewneck 73,2460320.0,3.0,3,L,Men,2025-06-11 16:29:58.566798
64,shirt 74,7704800.0,3.8,3,XL,Women,2025-06-11 16:29:58.566798
65,Hoodie 75,2101760.0,4.3,3,XXL,Unisex,2025-06-11 16:29:58.566798
66,Outerwear 77,861760.00,3.7,3,M,Women,2025-06-11 16:29:58.566798
67,Jacket 78,2716480.0,4.3,3,L,Unisex,2025-06-11 16:29:58.566798
68,Crewneck 79,3309600.0,4.6,3,XL,Men,2025-06-11 16:29:58.566798
69,shirt 80,4178400.0,4.5,3,XXL,Women,2025-06-11 16:29:58.566798
70,Pants 82,8315520.0,4.8,3,M,Men,2025-06-11 16:29:59.601703
71,Outerwear 83,3947840.0,3.7,3,L,Women,2025-06-11 16:29:59.601703
72,Jacket 84,2826080.0,4.8,3,XL,Unisex,2025-06-11 16:29:59.601703
73,Crewneck 85,4564160.0,3.5,3,XXL,Men,2025-06-11 16:29:59.601703
74,shirt 86,1670880.0,3.9,3,S,Women,2025-06-11 16:29:59.601703
75,Hoodie 87,7870240.0,4.3,3,M,Unisex,2025-06-11 16:29:59.601703
76,Pants 88,7590400.0,3.1,3,L,Men,2025-06-11 16:29:59.601703
77,Outerwear 89,4856320.0,3.0,3,XL,Women,2025-06-11 16:29:59.601703
78,Jacket 90,7160000.0,4.0,3,XXL,Unisex,2025-06-11 16:29:59.601703
79,shirt 92,5012320.0,3.5,3,M,Women,2025-06-11 16:29:59.601703
80,Hoodie 93,1365280.0,3.6,3,L,Unisex,2025-06-11 16:29:59.601703
81,Pants 94,1074880.0,4.3,3,XL,Men,2025-06-11 16:29:59.601703
82,Outerwear 95,6062240.0,3.5,3,XXL,Women,2025-06-11 16:29:59.601703
83,Jacket 96,4598240.0,4.9,3,S,Unisex,2025-06-11 16:29:59.601703
84,Crewneck 97,6113120.0,3.9,3,M,Men,2025-06-11 16:29:59.601703
85,shirt 98,8596960.0,3.1,3,L,Women,2025-06-11 16:29:59.601703
86,Hoodie 99,5028000.0,3.6,3,XL,Unisex,2025-06-11 16:29:59.601703
87,Pants 100,2217280.0,4.6,3,XXL,Men,2025-06-11 16:29:59.601703
88,Jacket 102,3840640.0,3.3,3,M,Unisex,2025-06-11 16:30:00.307862
89,Crewneck 103,2331680.0,3.5,3,L,Men,2025-06-11 16:30:00.307862
90,shirt 104,2374400.0,3.8,3,XL,Women,2025-06-11 16:30:00.307862
91,Hoodie 105,5019840.0,4.2,3,XXL,Unisex,2025-06-11 16:30:00.307862
92,Outerwear 107,6625120.0,4.0,3,M,Women,2025-06-11 16:30:00.307862
93,Jacket 108,5551680.0,4.8,3,L,Unisex,2025-06-11 16:30:00.307862
94,Crewneck 109,5886880.0,3.3,3,XL,Men,2025-06-11 16:30:00.307862
95,shirt 110,7197120.0,4.6,3,XXL,Women,2025-06-11 16:30:00.307862
96,Pants 112,4261920.0,3.3,3,M,Men,2025-06-11 16:30:00.307862
97,Outerwear 113,4472000.0,3.7,3,L,Women,2025-06-11 16:30:00.307862
98,Jacket 114,5386560.0,4.9,3,XL,Unisex,2025-06-11 16:30:00.307862
99,Crewneck 115,1933280.0,4.5,3,XXL,Men,2025-06-11 16:30:00.307862
100,shirt 116,3474560.0,3.0,3,S,Women,2025-06-11 16:30:00.307862
101,Hoodie 117,3376320.0,5.0,3,M,Unisex,2025-06-11 16:30:00.307862
102,Pants 118,5585440.0,3.2,3,L,Men,2025-06-11 16:30:00.307862
103,Outerwear 119,3561760.0,3.4,3,XL,Women,2025-06-11 16:30:00.307862
104,Jacket 120,7480320.0,4.0,3,XXL,Unisex,2025-06-11 16:30:00.307862
105,shirt 122,1961920.0,3.6,3,M,Women,2025-06-11 16:30:01.352388
106,Hoodie 123,4498080.0,3.8,3,L,Unisex,2025-06-11 16:30:01.352388
107,Pants 124,7023520.0,3.2,3,XL,Men,2025-06-11 16:30:01.352388
108,Outerwear 125,6998240.0,4.2,3,XXL,Women,2025-06-11 16:30:01.352388
109,Jacket 126,4426080.0,3.9,3,S,Unisex,2025-06-11 16:30:01.352388
110,Crewneck 127,8311680.0,4.0,3,M,Men,2025-06-11 16:30:01.352388
111,shirt 128,4466720.0,3.8,3,L,Women,2025-06-11 16:30:01.352388
112,Hoodie 129,2532480.0,4.5,3,XL,Unisex,2025-06-11 16:30:01.352388
113,Pants 130,6603520.0,4.8,3,XXL,Men,2025-06-11 16:30:01.352388
114,Jacket 132,6474880.0,4.2,3,M,Unisex,2025-06-11 16:30:01.352388
115,Crewneck 133,2016320.0,4.7,3,L,Men,2025-06-11 16:30:01.352388
116,shirt 134,5937440.0,3.2,3,XL,Women,2025-06-11 16:30:01.352388
117,Hoodie 135,5141440.0,4.7,3,XXL,Unisex,2025-06-11 16:30:01.352388
118,Outerwear 137,6988320.0,4.5,3,M,Women,2025-06-11 16:30:01.352388
119,Jacket 138,4635520.0,3.4,3,L,Unisex,2025-06-11 16:30:01.352388
120,Crewneck 139,8053120.0,4.5,3,XL,Men,2025-06-11 16:30:01.352388
121,shirt 140,6811040.0,3.5,3,XXL,Women,2025-06-11 16:30:01.352388
122,Pants 142,2325280.0,4.9,3,M,Men,2025-06-11 16:30:02.090238
123,Outerwear 143,3346560.0,4.9,3,L,Women,2025-06-11 16:30:02.090238
124,Jacket 144,5758240.0,4.3,3,XL,Unisex,2025-06-11 16:30:02.090238
125,Crewneck 145,3472800.0,4.8,3,XXL,Men,2025-06-11 16:30:02.090238
126,shirt 146,7688640.0,4.3,3,S,Women,2025-06-11 16:30:02.090238
127,Hoodie 147,3052800.0,5.0,3,M,Unisex,2025-06-11 16:30:02.090238
128,Pants 148,6033440.0,4.7,3,L,Men,2025-06-11 16:30:02.090238
129,Outerwear 149,3105920.0,3.2,3,XL,Women,2025-06-11 16:30:02.090238
130,Jacket 150,1500640.0,3.6,3,XXL,Unisex,2025-06-11 16:30:02.090238
131,shirt 152,6288640.0,4.2,3,M,Women,2025-06-11 16:30:02.090238
132,Hoodie 153,2660640.0,4.3,3,L,Unisex,2025-06-11 16:30:02.090238
133,Pants 154,2337440.0,3.0,3,XL,Men,2025-06-11 16:30:02.090238
134,Outerwear 155,3783200.0,4.1,3,XXL,Women,2025-06-11 16:30:02.090238
135,Jacket 156,6645120.0,3.6,3,S,Unisex,2025-06-11 16:30:02.090238
136,Crewneck 157,1105760.0,4.0,3,M,Men,2025-06-11 16:30:02.090238
137,shirt 158,7321120.0,4.0,3,L,Women,2025-06-11 16:30:02.090238
138,Hoodie 159,2371680.0,4.9,3,XL,Unisex,2025-06-11 16:30:02.090238
139,Pants 160,2802880.0,3.4,3,XXL,Men,2025-06-11 16:30:02.090238
140,Jacket 162,1543840.0,4.5,3,M,Unisex,2025-06-11 16:30:02.850088
141,Crewneck 163,7861920.0,4.4,3,L,Men,2025-06-11 16:30:02.850088
142,shirt 164,3512000.0,3.9,3,XL,Women,2025-06-11 16:30:02.850088
143,Hoodie 165,6921280.0,4.9,3,XXL,Unisex,2025-06-11 16:30:02.850088
144,Outerwear 167,3273760.0,3.1,3,M,Women,2025-06-11 16:30:02.850088
145,Jacket 168,870400.00,4.4,3,L,Unisex,2025-06-11 16:30:02.850088
146,Crewneck 169,8032800.0,4.7,3,XL,Men,2025-06-11 16:30:02.850088
147,shirt 170,6677920.0,4.5,3,XXL,Women,2025-06-11 16:30:02.850088
148,Pants 172,1566080.0,4.9,3,M,Men,2025-06-11 16:30:02.850088
149,Outerwear 173,7034560.0,4.6,3,L,Women,2025-06-11 16:30:02.850088
150,Jacket 174,6282240.0,3.3,3,XL,Unisex,2025-06-11 16:30:02.850088
151,Crewneck 175,8125120.0,4.5,3,XXL,Men,2025-06-11 16:30:02.850088
152,shirt 176,6104320.0,3.6,3,S,Women,2025-06-11 16:30:02.850088
153,Hoodie 177,1890400.0,4.6,3,M,Unisex,2025-06-11 16:30:02.850088
154,Pants 178,6184160.0,3.0,3,L,Men,2025-06-11 16:30:02.850088
155,Outerwear 179,5816640.0,3.5,3,XL,Women,2025-06-11 16:30:02.850088
156,Jacket 180,5552640.0,3.9,3,XXL,Unisex,2025-06-11 16:30:02.850088
157,shirt 182,2334880.0,3.8,3,M,Women,2025-06-11 16:30:03.550791
158,Hoodie 183,3904640.0,3.6,3,L,Unisex,2025-06-11 16:30:03.550791
159,Pants 184,7759520.0,4.5,3,XL,Men,2025-06-11 16:30:03.550791
160,Outerwear 185,7822880.0,3.2,3,XXL,Women,2025-06-11 16:30:03.550791
161,Jacket 186,6940480.0,4.2,3,S,Unisex,2025-06-11 16:30:03.550791
162,Crewneck 187,6663520.0,3.8,3,M,Men,2025-06-11 16:30:03.550791
163,shirt 188,3927840.0,4.4,3,L,Women,2025-06-11 16:30:03.550791
164,Hoodie 189,1946720.0,4.0,3,XL,Unisex,2025-06-11 16:30:03.550791
165,Pants 190,2220960.0,4.5,3,XXL,Men,2025-06-11 16:30:03.550791
166,Jacket 192,5066240.0,3.8,3,M,Unisex,2025-06-11 16:30:03.550791
167,Crewneck 193,7355680.0,4.1,3,L,Men,2025-06-11 16:30:03.550791
168,shirt 194,2818720.0,4.9,3,XL,Women,2025-06-11 16:30:03.550791
169,Hoodie 195,7208960.0,4.9,3,XXL,Unisex,2025-06-11 16:30:03.550791
170,Outerwear 197,5681600.0,4.9,3,M,Women,2025-06-11 16:30:03.550791
171,Jacket 198,5435040.0,4.5,3,L,Unisex,2025-06-11 16:30:03.550791
172,Crewneck 199,6744320.0,3.1,3,XL,Men,2025-06-11 16:30:03.550791
173,shirt 200,6289920.0,3.5,3,XXL,Women,2025-06-11 16:30:03.550791
174,Pants 202,5592480.0,3.3,3,M,Men,2025-06-11 16:30:04.249117
175,Outerwear 203,2144000,3.4,3,L,Women,2025-06-11 16:30:04.249117
176,Jacket 204,6031040.0,3.9,3,XL,Unisex,2025-06-11 16:30:04.249117
177,Crewneck 205,6434880.0,3.2,3,XXL,Men,2025-06-11 16:30:04.249117
178,shirt 206,4674720.0,4.5,3,S,Women,2025-06-11 16:30:04.249117
179,Hoodie 207,6101440.0,3.5,3,M,Unisex,2025-06-11 16:30:04.249117
180,Pants 208,4637600.0,3.1,3,L,Men,2025-06-11 16:30:04.249117
181,Outerwear 209,7980640.0,4.3,3,XL,Women,2025-06-11 16:30:04.249117
182,Jacket 210,7827360.0,4.7,3,XXL,Unisex,2025-06-11 16:30:04.249117
183,shirt 212,8794880.0,4.7,3,M,Women,2025-06-11 16:30:04.249117
184,Hoodie 213,5748000.0,3.6,3,L,Unisex,2025-06-11 16:30:04.249117
185,Pants 214,4315680.0,4.9,3,XL,Men,2025-06-11 16:30:04.249117
186,Outerwear 215,1449600.0,3.8,3,XXL,Women,2025-06-11 16:30:04.249117
187,Jacket 216,4576480.0,4.6,3,S,Unisex,2025-06-11 16:30:04.249117
188,Crewneck 217,5772960.0,4.8,3,M,Men,2025-06-11 16:30:04.249117
189,shirt 218,5600320.0,3.1,3,L,Women,2025-06-11 16:30:04.249117
190,Hoodie 219,5671040.0,4.6,3,XL,Unisex,2025-06-11 16:30:04.249117
191,Pants 220,3357600.0,3.2,3,XXL,Men,2025-06-11 16:30:04.249117
192,Jacket 222,7438080.0,3.4,3,M,Unisex,2025-06-11 16:30:04.949599
193,Crewneck 223,952960.00,4.8,3,L,Men,2025-06-11 16:30:04.949599
194,shirt 224,3534560.0,4.5,3,XL,Women,2025-06-11 16:30:04.949599
195,Hoodie 225,5232800.0,3.5,3,XXL,Unisex,2025-06-11 16:30:04.949599
196,Outerwear 227,6742560.0,4.8,3,M,Women,2025-06-11 16:30:04.949599
197,Jacket 228,8076800.0,4.5,3,L,Unisex,2025-06-11 16:30:04.949599
198,Crewneck 229,3101920.0,4.9,3,XL,Men,2025-06-11 16:30:04.949599
199,shirt 230,7133280.0,4.5,3,XXL,Women,2025-06-11 16:30:04.949599
200,Pants 232,8327360.0,4.0,3,M,Men,2025-06-11 16:30:04.949599
201,Outerwear 233,847360.00,4.8,3,L,Women,2025-06-11 16:30:04.949599
202,Jacket 234,1159200.0,4.5,3,XL,Unisex,2025-06-11 16:30:04.949599
203,Crewneck 235,6560320.0,3.4,3,XXL,Men,2025-06-11 16:30:04.949599
204,shirt 236,5492320.0,3.9,3,S,Women,2025-06-11 16:30:04.949599
205,Hoodie 237,4743520.0,3.1,3,M,Unisex,2025-06-11 16:30:04.949599
206,Pants 238,8301920.0,3.8,3,L,Men,2025-06-11 16:30:04.949599
207,Outerwear 239,7934080.0,3.1,3,XL,Women,2025-06-11 16:30:04.949599
208,Jacket 240,7600000,3.8,3,XXL,Unisex,2025-06-11 16:30:04.949599
209,shirt 242,4833600.0,3.4,3,M,Women,2025-06-11 16:30:05.650287
210,Hoodie 243,3371680.0,3.1,3,L,Unisex,2025-06-11 16:30:05.650287
211,Pants 244,8116160.0,3.1,3,XL,Men,2025-06-11 16:30:05.650287
212,Outerwear 245,1451680.0,4.0,3,XXL,Women,2025-06-11 16:30:05.650287
213,Jacket 246,8735040.0,3.1,3,S,Unisex,2025-06-11 16:30:05.650287
214,Crewneck 247,8769120.0,3.0,3,M,Men,2025-06-11 16:30:05.650287
215,shirt 248,2280000.0,4.5,3,L,Women,2025-06-11 16:30:05.650287
216,Hoodie 249,2149440.0,4.2,3,XL,Unisex,2025-06-11 16:30:05.650287
217,Pants 250,4314240.0,3.1,3,XXL,Men,2025-06-11 16:30:05.650287
218,Jacket 252,8408480.0,3.2,3,M,Unisex,2025-06-11 16:30:05.650287
219,Crewneck 253,1854720.0,3.9,3,L,Men,2025-06-11 16:30:05.650287
220,shirt 254,5984160.0,3.9,3,XL,Women,2025-06-11 16:30:05.650287
221,Hoodie 255,3668000.0,4.1,3,XXL,Unisex,2025-06-11 16:30:05.650287
222,Outerwear 257,7073120.0,5.0,3,M,Women,2025-06-11 16:30:05.650287
223,Jacket 258,2080640.0,4.7,3,L,Unisex,2025-06-11 16:30:05.650287
224,Crewneck 259,2275520.0,3.3,3,XL,Men,2025-06-11 16:30:05.650287
225,shirt 260,6271520.0,3.5,3,XXL,Women,2025-06-11 16:30:05.650287
226,Pants 262,1097760.0,3.4,3,M,Men,2025-06-11 16:30:06.338806
227,Outerwear 263,1878400.0,4.2,3,L,Women,2025-06-11 16:30:06.338806
228,Jacket 264,2063040.0,4.8,3,XL,Unisex,2025-06-11 16:30:06.338806
229,Crewneck 265,2483040.0,3.5,3,XXL,Men,2025-06-11 16:30:06.338806
230,shirt 266,4842080.0,4.6,3,S,Women,2025-06-11 16:30:06.338806
231,Hoodie 267,4086240.0,4.3,3,M,Unisex,2025-06-11 16:30:06.338806
232,Pants 268,5005120.0,3.6,3,L,Men,2025-06-11 16:30:06.338806
233,Outerwear 269,8073920.0,3.1,3,XL,Women,2025-06-11 16:30:06.338806
234,Jacket 270,2569120.0,4.2,3,XXL,Unisex,2025-06-11 16:30:06.338806
235,shirt 272,5811840.0,3.3,3,M,Women,2025-06-11 16:30:06.338806
236,Hoodie 273,5291360.0,4.9,3,L,Unisex,2025-06-11 16:30:06.338806
237,Pants 274,3669280.0,4.2,3,XL,Men,2025-06-11 16:30:06.338806
238,Outerwear 275,5575360.0,4.8,3,XXL,Women,2025-06-11 16:30:06.338806
239,Jacket 276,1013600.0,4.3,3,S,Unisex,2025-06-11 16:30:06.338806
240,Crewneck 277,2383680.0,4.7,3,M,Men,2025-06-11 16:30:06.338806
241,shirt 278,2087360.0,3.8,3,L,Women,2025-06-11 16:30:06.338806
242,Hoodie 279,5592320.0,4.7,3,XL,Unisex,2025-06-11 16:30:06.338806
243,Pants 280,7501440.0,3.9,3,XXL,Men,2025-06-11 16:30:06.338806
244,Jacket 282,2227040.0,3.0,3,M,Unisex,2025-06-11 16:30:07.028737
245,Crewneck 283,6633120.0,3.2,3,L,Men,2025-06-11 16:30:07.028737
246,shirt 284,6568000.0,3.6,3,XL,Women,2025-06-11 16:30:07.028737
247,Hoodie 285,3009120.0,3.2,3,XXL,Unisex,2025-06-11 16:30:07.028737
248,Outerwear 287,5273600.0,3.7,3,M,Women,2025-06-11 16:30:07.028737
249,Jacket 288,3123040.0,4.1,3,L,Unisex,2025-06-11 16:30:07.028737
250,Crewneck 289,888000.0,4.0,3,XL,Men,2025-06-11 16:30:07.028737
251,shirt 290,6425120.0,4.2,3,XXL,Women,2025-06-11 16:30:07.028737
252,Pants 292,2384480.0,3.9,3,M,Men,2025-06-11 16:30:07.028737
253,Outerwear 293,1176160.0,4.5,3,L,Women,2025-06-11 16:30:07.028737
254,Jacket 294,5947200.0,3.8,3,XL,Unisex,2025-06-11 16:30:07.028737
255,Crewneck 295,7266720.0,4.9,3,XXL,Men,2025-06-11 16:30:07.028737
256,shirt 296,1172160.0,3.1,3,S,Women,2025-06-11 16:30:07.028737
257,Hoodie 297,7801120.0,3.6,3,M,Unisex,2025-06-11 16:30:07.028737
258,Pants 298,2426080.0,4.8,3,L,Men,2025-06-11 16:30:07.028737
259,Outerwear 299,1947840.0,4.3,3,XL,Women,2025-06-11 16:30:07.028737
260,Jacket 300,6408480.0,4.0,3,XXL,Unisex,2025-06-11 16:30:07.028737
261,shirt 302,5711200.0,3.2,3,M,Women,2025-06-11 16:30:07.712189
262,Hoodie 303,7974560.0,4.1,3,L,Unisex,2025-06-11 16:30:07.712189
263,Pants 304,7129760.0,3.4,3,XL,Men,2025-06-11 16:30:07.712189
264,Outerwear 305,6325440.0,4.5,3,XXL,Women,2025-06-11 16:30:07.712189
265,Jacket 306,7575040.0,4.2,3,S,Unisex,2025-06-11 16:30:07.712189
266,Crewneck 307,7735200.0,3.7,3,M,Men,2025-06-11 16:30:07.712189
267,shirt 308,4086080.0,4.1,3,L,Women,2025-06-11 16:30:07.712189
268,Hoodie 309,3953120.0,4.8,3,XL,Unisex,2025-06-11 16:30:07.712189
269,Pants 310,6329280.0,4.7,3,XXL,Men,2025-06-11 16:30:07.712189
270,Jacket 312,7267040.0,3.8,3,M,Unisex,2025-06-11 16:30:07.712189
271,Crewneck 313,1948320.0,3.1,3,L,Men,2025-06-11 16:30:07.712189
272,shirt 314,6017120.0,3.2,3,XL,Women,2025-06-11 16:30:07.712189
273,Hoodie 315,7022880.0,3.1,3,XXL,Unisex,2025-06-11 16:30:07.712189
274,Outerwear 317,5259040.0,3.3,3,M,Women,2025-06-11 16:30:07.712189
275,Jacket 318,5667200.0,3.7,3,L,Unisex,2025-06-11 16:30:07.712189
276,Crewneck 319,3085920.0,3.3,3,XL,Men,2025-06-11 16:30:07.712189
277,shirt 320,829440.00,3.3,3,XXL,Women,2025-06-11 16:30:07.712189
278,Pants 322,7810400.0,3.2,3,M,Men,2025-06-11 16:30:08.718675
279,Outerwear 323,8468000.0,3.1,3,L,Women,2025-06-11 16:30:08.718675
280,Jacket 324,6082720.0,3.3,3,XL,Unisex,2025-06-11 16:30:08.718675
281,Crewneck 325,3001760.0,3.4,3,XXL,Men,2025-06-11 16:30:08.718675
282,shirt 326,4519360.0,4.9,3,S,Women,2025-06-11 16:30:08.718675
283,Hoodie 327,6641440.0,4.4,3,M,Unisex,2025-06-11 16:30:08.718675
284,Pants 328,5732960.0,4.5,3,L,Men,2025-06-11 16:30:08.718675
285,Outerwear 329,6724160.0,4.7,3,XL,Women,2025-06-11 16:30:08.718675
286,Jacket 330,1591200.0,4.3,3,XXL,Unisex,2025-06-11 16:30:08.718675
287,shirt 332,2335680.0,3.4,3,M,Women,2025-06-11 16:30:08.718675
288,Hoodie 333,1746080.0,4.8,3,L,Unisex,2025-06-11 16:30:08.718675
289,Pants 334,2409440.0,3.8,3,XL,Men,2025-06-11 16:30:08.718675
290,Outerwear 335,2826720.0,3.0,3,XXL,Women,2025-06-11 16:30:08.718675
291,Jacket 336,6237760.0,5.0,3,S,Unisex,2025-06-11 16:30:08.718675
292,Crewneck 337,8608800.0,4.3,3,M,Men,2025-06-11 16:30:08.718675
293,shirt 338,2883360.0,3.9,3,L,Women,2025-06-11 16:30:08.718675
294,Hoodie 339,4424800.0,4.9,3,XL,Unisex,2025-06-11 16:30:08.718675
295,Pants 340,5975200.0,4.3,3,XXL,Men,2025-06-11 16:30:08.718675
296,Jacket 342,1827680.0,4.8,3,M,Unisex,2025-06-11 16:30:09.398064
297,Crewneck 343,2279040.0,4.1,3,L,Men,2025-06-11 16:30:09.398064
298,shirt 344,3415680.0,4.5,3,XL,Women,2025-06-11 16:30:09.398064
299,Hoodie 345,7577440.0,3.3,3,XXL,Unisex,2025-06-11 16:30:09.398064
300,Outerwear 347,6986080.0,4.7,3,M,Women,2025-06-11 16:30:09.398064
301,Jacket 348,3195040.0,4.6,3,L,Unisex,2025-06-11 16:30:09.398064
302,Crewneck 349,6085600.0,3.5,3,XL,Men,2025-06-11 16:30:09.398064
303,shirt 350,8047680.0,5.0,3,XXL,Women,2025-06-11 16:30:09.398064
304,Pants 352,2838880.0,4.0,3,M,Men,2025-06-11 16:30:09.398064
305,Outerwear 353,961600.00,3.6,3,L,Women,2025-06-11 16:30:09.398064
306,Jacket 354,2294720.0,3.8,3,XL,Unisex,2025-06-11 16:30:09.398064
307,Crewneck 355,4246560.0,3.2,3,XXL,Men,2025-06-11 16:30:09.398064
308,shirt 356,7150080.0,4.3,3,S,Women,2025-06-11 16:30:09.398064
309,Hoodie 357,3739360.0,3.6,3,M,Unisex,2025-06-11 16:30:09.398064
310,Pants 358,8479520.0,3.9,3,L,Men,2025-06-11 16:30:09.398064
311,Outerwear 359,1696480.0,4.3,3,XL,Women,2025-06-11 16:30:09.398064
312,Jacket 360,8788320.0,4.8,3,XXL,Unisex,2025-06-11 16:30:09.398064
313,shirt 362,4776800.0,5.0,3,M,Women,2025-06-11 16:30:10.120274
314,Hoodie 363,1171360.0,3.2,3,L,Unisex,2025-06-11 16:30:10.120274
315,Pants 364,4972800.0,4.8,3,XL,Men,2025-06-11 16:30:10.120274
316,Outerwear 365,6956480.0,4.5,3,XXL,Women,2025-06-11 16:30:10.120274
317,Jacket 366,5854880.0,4.9,3,S,Unisex,2025-06-11 16:30:10.120274
318,Crewneck 367,8359360.0,4.9,3,M,Men,2025-06-11 16:30:10.120274
319,shirt 368,965120.00,3.2,3,L,Women,2025-06-11 16:30:10.120274
320,Hoodie 369,7204960.0,4.7,3,XL,Unisex,2025-06-11 16:30:10.120274
321,Pants 370,4559680.0,3.6,3,XXL,Men,2025-06-11 16:30:10.120274
322,Jacket 372,5052960.0,3.6,3,M,Unisex,2025-06-11 16:30:10.120274
323,Crewneck 373,2231040.0,3.6,3,L,Men,2025-06-11 16:30:10.120274
324,shirt 374,7697120.0,3.9,3,XL,Women,2025-06-11 16:30:10.120274
325,Hoodie 375,7027520.0,3.9,3,XXL,Unisex,2025-06-11 16:30:10.120274
326,Outerwear 377,6802080.0,4.8,3,M,Women,2025-06-11 16:30:10.120274
327,Jacket 378,3402400.0,3.6,3,L,Unisex,2025-06-11 16:30:10.120274
328,Crewneck 379,3963200.0,4.4,3,XL,Men,2025-06-11 16:30:10.120274
329,shirt 380,2547040.0,3.8,3,XXL,Women,2025-06-11 16:30:10.120274
330,Pants 382,1356160.0,4.4,3,M,Men,2025-06-11 16:30:10.809881
331,Outerwear 383,3431040.0,3.4,3,L,Women,2025-06-11 16:30:10.809881
332,Jacket 384,1452960.0,3.3,3,XL,Unisex,2025-06-11 16:30:10.809881
333,Crewneck 385,7950720.0,4.9,3,XXL,Men,2025-06-11 16:30:10.809881
334,shirt 386,4793600.0,4.6,3,S,Women,2025-06-11 16:30:10.809881
335,Hoodie 387,8418080.0,4.2,3,M,Unisex,2025-06-11 16:30:10.809881
336,Pants 388,931200.00,3.1,3,L,Men,2025-06-11 16:30:10.809881
337,Outerwear 389,2883200.0,5.0,3,XL,Women,2025-06-11 16:30:10.809881
338,Jacket 390,5432960.0,3.3,3,XXL,Unisex,2025-06-11 16:30:10.809881
339,shirt 392,1226080.0,4.4,3,M,Women,2025-06-11 16:30:10.809881
340,Hoodie 393,4068480.0,3.2,3,L,Unisex,2025-06-11 16:30:10.809881
341,Pants 394,3540000.0,3.3,3,XL,Men,2025-06-11 16:30:10.809881
342,Outerwear 395,3098720.0,4.0,3,XXL,Women,2025-06-11 16:30:10.809881
343,Jacket 396,2505280.0,3.9,3,S,Unisex,2025-06-11 16:30:10.809881
344,Crewneck 397,855360.00,3.6,3,M,Men,2025-06-11 16:30:10.809881
345,shirt 398,4592800.0,4.7,3,L,Women,2025-06-11 16:30:10.809881
346,Hoodie 399,2523520.0,3.6,3,XL,Unisex,2025-06-11 16:30:10.809881
347,Pants 400,6020640.0,4.7,3,XXL,Men,2025-06-11 16:30:10.809881
348,Jacket 402,2029120.0,4.6,3,M,Unisex,2025-06-11 16:30:11.499681
349,Crewneck 403,1580320.0,4.1,3,L,Men,2025-06-11 16:30:11.499681
350,shirt 404,3501120.0,4.9,3,XL,Women,2025-06-11 16:30:11.499681
351,Hoodie 405,5080160.0,3.8,3,XXL,Unisex,2025-06-11 16:30:11.499681
352,Outerwear 407,2761280.0,3.7,3,M,Women,2025-06-11 16:30:11.499681
353,Jacket 408,4176000,4.9,3,L,Unisex,2025-06-11 16:30:11.499681
354,Crewneck 409,3221760.0,3.5,3,XL,Men,2025-06-11 16:30:11.499681
355,shirt 410,1586720.0,3.1,3,XXL,Women,2025-06-11 16:30:11.499681
356,Pants 412,5438240.0,4.4,3,M,Men,2025-06-11 16:30:11.499681
357,Outerwear 413,1306400.0,3.4,3,L,Women,2025-06-11 16:30:11.499681
358,Jacket 414,2234720.0,3.7,3,XL,Unisex,2025-06-11 16:30:11.499681
359,Crewneck 415,3617440.0,3.1,3,XXL,Men,2025-06-11 16:30:11.499681
360,shirt 416,4454080.0,3.1,3,S,Women,2025-06-11 16:30:11.499681
361,Hoodie 417,2769440.0,4.6,3,M,Unisex,2025-06-11 16:30:11.499681
362,Pants 418,6307840.0,5.0,3,L,Men,2025-06-11 16:30:11.499681
363,Outerwear 419,7004000.0,5.0,3,XL,Women,2025-06-11 16:30:11.499681
364,Jacket 420,2472640.0,3.1,3,XXL,Unisex,2025-06-11 16:30:11.499681
365,shirt 422,924320.00,3.9,3,M,Women,2025-06-11 16:30:12.181701
366,Hoodie 423,4601760.0,3.7,3,L,Unisex,2025-06-11 16:30:12.181701
367,Pants 424,3865760.0,4.4,3,XL,Men,2025-06-11 16:30:12.181701
368,Outerwear 425,2528480.0,4.8,3,XXL,Women,2025-06-11 16:30:12.181701
369,Jacket 426,3462400.0,3.4,3,S,Unisex,2025-06-11 16:30:12.181701
370,Crewneck 427,6375200.0,3.3,3,M,Men,2025-06-11 16:30:12.181701
371,shirt 428,7053120.0,4.9,3,L,Women,2025-06-11 16:30:12.181701
372,Hoodie 429,1658560.0,4.9,3,XL,Unisex,2025-06-11 16:30:12.181701
373,Pants 430,1442080.0,3.9,3,XXL,Men,2025-06-11 16:30:12.181701
374,Jacket 432,2151840.0,4.5,3,M,Unisex,2025-06-11 16:30:12.181701
375,Crewneck 433,3872480.0,4.2,3,L,Men,2025-06-11 16:30:12.181701
376,shirt 434,6557120.0,4.9,3,XL,Women,2025-06-11 16:30:12.181701
377,Hoodie 435,1015680.0,4.0,3,XXL,Unisex,2025-06-11 16:30:12.181701
378,Outerwear 437,1016800.0,3.9,3,M,Women,2025-06-11 16:30:12.181701
379,Jacket 438,2453120.0,4.5,3,L,Unisex,2025-06-11 16:30:12.181701
380,Crewneck 439,4005440.0,3.2,3,XL,Men,2025-06-11 16:30:12.181701
381,shirt 440,5326080.0,3.0,3,XXL,Women,2025-06-11 16:30:12.181701
382,Pants 442,4701600.0,4.3,3,M,Men,2025-06-11 16:30:13.420092
383,Outerwear 443,7262720.0,4.2,3,L,Women,2025-06-11 16:30:13.420092
384,Jacket 444,4016960.0,3.3,3,XL,Unisex,2025-06-11 16:30:13.420092
385,Crewneck 445,3574240.0,4.5,3,XXL,Men,2025-06-11 16:30:13.420092
386,shirt 446,7740160.0,3.2,3,S,Women,2025-06-11 16:30:13.420092
387,Hoodie 447,4748640.0,4.0,3,M,Unisex,2025-06-11 16:30:13.420092
388,Pants 448,820160.00,4.4,3,L,Men,2025-06-11 16:30:13.420092
389,Outerwear 449,6410080.0,4.0,3,XL,Women,2025-06-11 16:30:13.420092
390,Jacket 450,8754880.0,3.1,3,XXL,Unisex,2025-06-11 16:30:13.420092
391,shirt 452,6892800.0,4.4,3,M,Women,2025-06-11 16:30:13.420092
392,Hoodie 453,6576960.0,4.2,3,L,Unisex,2025-06-11 16:30:13.420092
393,Pants 454,2179520.0,5.0,3,XL,Men,2025-06-11 16:30:13.420092
394,Outerwear 455,1094080.0,4.8,3,XXL,Women,2025-06-11 16:30:13.420092
395,Jacket 456,8096000,4.1,3,S,Unisex,2025-06-11 16:30:13.420092
396,Crewneck 457,7342880.0,4.8,3,M,Men,2025-06-11 16:30:13.420092
397,shirt 458,4240000,4.4,3,L,Women,2025-06-11 16:30:13.420092
398,Hoodie 459,3237280.0,3.5,3,XL,Unisex,2025-06-11 16:30:13.420092
399,Pants 460,1880800.0,3.6,3,XXL,Men,2025-06-11 16:30:13.420092
400,Jacket 462,6767840.0,4.5,3,M,Unisex,2025-06-11 16:30:14.136216
401,Crewneck 463,7539520.0,4.5,3,L,Men,2025-06-11 16:30:14.136216
402,shirt 464,6070080.0,4.5,3,XL,Women,2025-06-11 16:30:14.136216
403,Hoodie 465,6164320.0,4.7,3,XXL,Unisex,2025-06-11 16:30:14.136216
404,Outerwear 467,1325920.0,3.5,3,M,Women,2025-06-11 16:30:14.136216
405,Jacket 468,4584960.0,3.7,3,L,Unisex,2025-06-11 16:30:14.136216
406,Crewneck 469,1738880.0,4.2,3,XL,Men,2025-06-11 16:30:14.136216
407,shirt 470,7738880.0,3.1,3,XXL,Women,2025-06-11 16:30:14.136216
408,Pants 472,3902080.0,3.1,3,M,Men,2025-06-11 16:30:14.136216
409,Outerwear 473,5478080.0,4.2,3,L,Women,2025-06-11 16:30:14.136216
410,Jacket 474,5864960.0,4.7,3,XL,Unisex,2025-06-11 16:30:14.136216
411,Crewneck 475,7017280.0,4.6,3,XXL,Men,2025-06-11 16:30:14.136216
412,shirt 476,3986240.0,4.3,3,S,Women,2025-06-11 16:30:14.136216
413,Hoodie 477,6626080.0,4.2,3,M,Unisex,2025-06-11 16:30:14.136216
414,Pants 478,4912000,3.8,3,L,Men,2025-06-11 16:30:14.136216
415,Outerwear 479,7302400.0,4.4,3,XL,Women,2025-06-11 16:30:14.136216
416,Jacket 480,4986240.0,4.2,3,XXL,Unisex,2025-06-11 16:30:14.136216
417,shirt 482,3352480.0,4.8,3,M,Women,2025-06-11 16:30:14.838562
418,Hoodie 483,4035040.0,4.2,3,L,Unisex,2025-06-11 16:30:14.838562
419,Pants 484,6428640.0,4.1,3,XL,Men,2025-06-11 16:30:14.838562
420,Outerwear 485,4044480.0,4.7,3,XXL,Women,2025-06-11 16:30:14.838562
421,Jacket 486,2573760.0,3.0,3,S,Unisex,2025-06-11 16:30:14.838562
422,Crewneck 487,6955520.0,3.7,3,M,Men,2025-06-11 16:30:14.838562
423,shirt 488,8789760.0,3.8,3,L,Women,2025-06-11 16:30:14.838562
424,Hoodie 489,3554560.0,5.0,3,XL,Unisex,2025-06-11 16:30:14.838562
425,Pants 490,7081600.0,3.1,3,XXL,Men,2025-06-11 16:30:14.838562
426,Jacket 492,6011840.0,3.0,3,M,Unisex,2025-06-11 16:30:14.838562
427,Crewneck 493,5071520.0,4.8,3,L,Men,2025-06-11 16:30:14.838562
428,shirt 494,1390080.0,3.4,3,XL,Women,2025-06-11 16:30:14.838562
429,Hoodie 495,1663200.0,4.5,3,XXL,Unisex,2025-06-11 16:30:14.838562
430,Outerwear 497,3957760.0,4.4,3,M,Women,2025-06-11 16:30:14.838562
431,Jacket 498,4412800.0,4.6,3,L,Unisex,2025-06-11 16:30:14.838562
432,Crewneck 499,7825920.0,4.1,3,XL,Men,2025-06-11 16:30:14.838562
433,shirt 500,8114400.0,4.2,3,XXL,Women,2025-06-11 16:30:14.838562
434,Pants 502,7132480.0,4.4,3,M,Men,2025-06-11 16:30:15.529492
435,Outerwear 503,4924480.0,4.8,3,L,Women,2025-06-11 16:30:15.529492
436,Jacket 504,8024480.0,5.0,3,XL,Unisex,2025-06-11 16:30:15.529492
437,Crewneck 505,8747680.0,4.3,3,XXL,Men,2025-06-11 16:30:15.529492
438,shirt 506,8572000.0,3.6,3,S,Women,2025-06-11 16:30:15.529492
439,Hoodie 507,6844000.0,4.7,3,M,Unisex,2025-06-11 16:30:15.529492
440,Pants 508,7766080.0,3.5,3,L,Men,2025-06-11 16:30:15.529492
441,Outerwear 509,7178400.0,3.1,3,XL,Women,2025-06-11 16:30:15.529492
442,Jacket 510,1562080.0,3.4,3,XXL,Unisex,2025-06-11 16:30:15.529492
443,shirt 512,4319680.0,3.7,3,M,Women,2025-06-11 16:30:15.529492
444,Hoodie 513,1693760.0,4.4,3,L,Unisex,2025-06-11 16:30:15.529492
445,Pants 514,6888960.0,3.9,3,XL,Men,2025-06-11 16:30:15.529492
446,Outerwear 515,7262560.0,3.1,3,XXL,Women,2025-06-11 16:30:15.529492
447,Jacket 516,7130720.0,3.4,3,S,Unisex,2025-06-11 16:30:15.529492
448,Crewneck 517,1069280.0,3.5,3,M,Men,2025-06-11 16:30:15.529492
449,shirt 518,2575680.0,4.1,3,L,Women,2025-06-11 16:30:15.529492
450,Hoodie 519,2236160.0,4.5,3,XL,Unisex,2025-06-11 16:30:15.529492
451,Pants 520,2308320.0,3.8,3,XXL,Men,2025-06-11 16:30:15.529492
452,Jacket 522,6292960.0,4.0,3,M,Unisex,2025-06-11 16:30:16.234376
453,Crewneck 523,3626720.0,4.6,3,L,Men,2025-06-11 16:30:16.234376
454,shirt 524,936000.0,3.8,3,XL,Women,2025-06-11 16:30:16.234376
455,Hoodie 525,7919040.0,3.6,3,XXL,Unisex,2025-06-11 16:30:16.234376
456,Outerwear 527,4669280.0,3.6,3,M,Women,2025-06-11 16:30:16.234376
457,Jacket 528,5595840.0,4.0,3,L,Unisex,2025-06-11 16:30:16.234376
458,Crewneck 529,1420160.0,3.2,3,XL,Men,2025-06-11 16:30:16.234376
459,shirt 530,6173760.0,3.3,3,XXL,Women,2025-06-11 16:30:16.234376
460,Pants 532,8391200.0,4.1,3,M,Men,2025-06-11 16:30:16.234376
461,Outerwear 533,3370240.0,4.2,3,L,Women,2025-06-11 16:30:16.234376
462,Jacket 534,3479200.0,3.7,3,XL,Unisex,2025-06-11 16:30:16.234376
463,Crewneck 535,3901280.0,3.7,3,XXL,Men,2025-06-11 16:30:16.234376
464,shirt 536,5092480.0,3.0,3,S,Women,2025-06-11 16:30:16.234376
465,Hoodie 537,8671840.0,3.1,3,M,Unisex,2025-06-11 16:30:16.234376
466,Pants 538,6134240.0,3.4,3,L,Men,2025-06-11 16:30:16.234376
467,Outerwear 539,4692640.0,4.7,3,XL,Women,2025-06-11 16:30:16.234376
468,Jacket 540,7051840.0,4.4,3,XXL,Unisex,2025-06-11 16:30:16.234376
469,shirt 542,4761440.0,3.5,3,M,Women,2025-06-11 16:30:16.958377
470,Hoodie 543,8715680.0,4.7,3,L,Unisex,2025-06-11 16:30:16.958377
471,Pants 544,5957760.0,3.1,3,XL,Men,2025-06-11 16:30:16.958377
472,Outerwear 545,3579360.0,4.0,3,XXL,Women,2025-06-11 16:30:16.958377
473,Jacket 546,6271520.0,3.3,3,S,Unisex,2025-06-11 16:30:16.958377
474,Crewneck 547,5361120.0,3.9,3,M,Men,2025-06-11 16:30:16.958377
475,shirt 548,2686240.0,4.6,3,L,Women,2025-06-11 16:30:16.958377
476,Hoodie 549,2687200.0,3.7,3,XL,Unisex,2025-06-11 16:30:16.958377
477,Pants 550,4450080.0,4.9,3,XXL,Men,2025-06-11 16:30:16.958377
478,Jacket 552,5380320.0,4.1,3,M,Unisex,2025-06-11 16:30:16.958377
479,Crewneck 553,7760800.0,3.8,3,L,Men,2025-06-11 16:30:16.958377
480,shirt 554,4001120.0,4.5,3,XL,Women,2025-06-11 16:30:16.958377
481,Hoodie 555,1809600.0,3.0,3,XXL,Unisex,2025-06-11 16:30:16.958377
482,Outerwear 557,5460480.0,3.4,3,M,Women,2025-06-11 16:30:16.958377
483,Jacket 558,5007040.0,4.0,3,L,Unisex,2025-06-11 16:30:16.958377
484,Crewneck 559,1590880.0,3.5,3,XL,Men,2025-06-11 16:30:16.958377
485,shirt 560,6885280.0,4.2,3,XXL,Women,2025-06-11 16:30:16.958377
486,Pants 562,3724160.0,4.5,3,M,Men,2025-06-11 16:30:17.639851
487,Outerwear 563,8197440.0,4.7,3,L,Women,2025-06-11 16:30:17.639851
488,Jacket 564,8319200.0,4.3,3,XL,Unisex,2025-06-11 16:30:17.639851
489,Crewneck 565,7635200.0,3.5,3,XXL,Men,2025-06-11 16:30:17.639851
490,shirt 566,2611360.0,4.6,3,S,Women,2025-06-11 16:30:17.639851
491,Hoodie 567,4576160.0,3.2,3,M,Unisex,2025-06-11 16:30:17.639851
492,Pants 568,2984160.0,3.3,3,L,Men,2025-06-11 16:30:17.639851
493,Outerwear 569,4966880.0,4.7,3,XL,Women,2025-06-11 16:30:17.639851
494,Jacket 570,4000960.0,3.9,3,XXL,Unisex,2025-06-11 16:30:17.639851
495,shirt 572,4756320.0,3.2,3,M,Women,2025-06-11 16:30:17.639851
496,Hoodie 573,6954080.0,4.5,3,L,Unisex,2025-06-11 16:30:17.639851
497,Pants 574,2424000.0,3.8,3,XL,Men,2025-06-11 16:30:17.639851
498,Outerwear 575,3517760.0,3.4,3,XXL,Women,2025-06-11 16:30:17.639851
499,Jacket 576,805600.00,3.5,3,S,Unisex,2025-06-11 16:30:17.639851
500,Crewneck 577,7873920.0,3.3,3,M,Men,2025-06-11 16:30:17.639851
501,shirt 578,7958880.0,4.1,3,L,Women,2025-06-11 16:30:17.639851
502,Hoodie 579,4428640.0,4.4,3,XL,Unisex,2025-06-11 16:30:17.639851
503,Pants 580,2625440.0,3.3,3,XXL,Men,2025-06-11 16:30:17.639851
504,Jacket 582,4112160.0,4.1,3,M,Unisex,2025-06-11 16:30:18.355035
505,Crewneck 583,5737760.0,4.5,3,L,Men,2025-06-11 16:30:18.355035
506,shirt 584,6964960.0,4.8,3,XL,Women,2025-06-11 16:30:18.355035
507,Hoodie 585,6186880.0,4.9,3,XXL,Unisex,2025-06-11 16:30:18.355035
508,Outerwear 587,4424960.0,4.4,3,M,Women,2025-06-11 16:30:18.355035
509,Jacket 588,4963040.0,4.7,3,L,Unisex,2025-06-11 16:30:18.355035
510,Crewneck 589,931840.00,4.7,3,XL,Men,2025-06-11 16:30:18.355035
511,shirt 590,6457120.0,3.9,3,XXL,Women,2025-06-11 16:30:18.355035
512,Pants 592,6805440.0,4.3,3,M,Men,2025-06-11 16:30:18.355035
513,Outerwear 593,7163840.0,3.9,3,L,Women,2025-06-11 16:30:18.355035
514,Jacket 594,8707680.0,4.2,3,XL,Unisex,2025-06-11 16:30:18.355035
515,Crewneck 595,3723840.0,3.5,3,XXL,Men,2025-06-11 16:30:18.355035
516,shirt 596,8290400.0,4.4,3,S,Women,2025-06-11 16:30:18.355035
517,Hoodie 597,7969440.0,3.3,3,M,Unisex,2025-06-11 16:30:18.355035
518,Pants 598,4714080.0,4.1,3,L,Men,2025-06-11 16:30:18.355035
519,Outerwear 599,1179040.0,3.3,3,XL,Women,2025-06-11 16:30:18.355035
520,Jacket 600,6414080.0,3.0,3,XXL,Unisex,2025-06-11 16:30:18.355035
521,shirt 602,2260960.0,4.4,3,M,Women,2025-06-11 16:30:19.752261
522,Hoodie 603,7511520.0,3.1,3,L,Unisex,2025-06-11 16:30:19.752261
523,Pants 604,7662240.0,4.3,3,XL,Men,2025-06-11 16:30:19.752261
524,Outerwear 605,1710720.0,3.7,3,XXL,Women,2025-06-11 16:30:19.752261
525,Jacket 606,5770720.0,4.6,3,S,Unisex,2025-06-11 16:30:19.752261
526,Crewneck 607,3857600.0,3.1,3,M,Men,2025-06-11 16:30:19.752261
527,shirt 608,7047840.0,4.6,3,L,Women,2025-06-11 16:30:19.752261
528,Hoodie 609,2956320.0,4.1,3,XL,Unisex,2025-06-11 16:30:19.752261
529,Pants 610,4515360.0,3.3,3,XXL,Men,2025-06-11 16:30:19.752261
530,Jacket 612,3202720.0,3.1,3,M,Unisex,2025-06-11 16:30:19.752261
531,Crewneck 613,1013920.0,3.6,3,L,Men,2025-06-11 16:30:19.752261
532,shirt 614,2428160.0,3.1,3,XL,Women,2025-06-11 16:30:19.752261
533,Hoodie 615,4798720.0,4.8,3,XXL,Unisex,2025-06-11 16:30:19.752261
534,Outerwear 617,1765920.0,4.3,3,M,Women,2025-06-11 16:30:19.752261
535,Jacket 618,6474080.0,3.3,3,L,Unisex,2025-06-11 16:30:19.752261
536,Crewneck 619,8340640.0,4.4,3,XL,Men,2025-06-11 16:30:19.752261
537,shirt 620,2270240.0,3.3,3,XXL,Women,2025-06-11 16:30:19.752261
538,Pants 622,4849600.0,3.5,3,M,Men,2025-06-11 16:30:20.450550
539,Outerwear 623,7299520.0,4.6,3,L,Women,2025-06-11 16:30:20.450550
540,Jacket 624,6943200.0,3.9,3,XL,Unisex,2025-06-11 16:30:20.450550
541,Crewneck 625,7826400.0,4.1,3,XXL,Men,2025-06-11 16:30:20.450550
542,shirt 626,7777440.0,4.5,3,S,Women,2025-06-11 16:30:20.450550
543,Hoodie 627,1232320.0,3.2,3,M,Unisex,2025-06-11 16:30:20.450550
544,Pants 628,8113120.0,4.3,3,L,Men,2025-06-11 16:30:20.450550
545,Outerwear 629,3997920.0,4.4,3,XL,Women,2025-06-11 16:30:20.450550
546,Jacket 630,1003680.0,3.8,3,XXL,Unisex,2025-06-11 16:30:20.450550
547,shirt 632,4314240.0,3.6,3,M,Women,2025-06-11 16:30:20.450550
548,Hoodie 633,3128000.0,3.1,3,L,Unisex,2025-06-11 16:30:20.450550
549,Pants 634,8535680.0,3.9,3,XL,Men,2025-06-11 16:30:20.450550
550,Outerwear 635,6897120.0,4.1,3,XXL,Women,2025-06-11 16:30:20.450550
551,Jacket 636,3476320.0,4.5,3,S,Unisex,2025-06-11 16:30:20.450550
552,Crewneck 637,6030240.0,4.0,3,M,Men,2025-06-11 16:30:20.450550
553,shirt 638,5220960.0,4.6,3,L,Women,2025-06-11 16:30:20.450550
554,Hoodie 639,6782720.0,4.7,3,XL,Unisex,2025-06-11 16:30:20.450550
555,Pants 640,3038560.0,3.8,3,XXL,Men,2025-06-11 16:30:20.450550
556,Jacket 642,7747360.0,4.7,3,M,Unisex,2025-06-11 16:30:21.140074
557,Crewneck 643,6116000.0,3.2,3,L,Men,2025-06-11 16:30:21.140074
558,shirt 644,7479360.0,4.2,3,XL,Women,2025-06-11 16:30:21.140074
559,Hoodie 645,3285440.0,3.3,3,XXL,Unisex,2025-06-11 16:30:21.140074
560,Outerwear 647,4304960.0,3.8,3,M,Women,2025-06-11 16:30:21.140074
561,Jacket 648,8699520.0,4.5,3,L,Unisex,2025-06-11 16:30:21.140074
562,Crewneck 649,8588160.0,3.2,3,XL,Men,2025-06-11 16:30:21.140074
563,shirt 650,8012800.0,3.4,3,XXL,Women,2025-06-11 16:30:21.140074
564,Pants 652,6084960.0,3.3,3,M,Men,2025-06-11 16:30:21.140074
565,Outerwear 653,2622080.0,4.0,3,L,Women,2025-06-11 16:30:21.140074
566,Jacket 654,4089440.0,4.7,3,XL,Unisex,2025-06-11 16:30:21.140074
567,Crewneck 655,1834240.0,4.1,3,XXL,Men,2025-06-11 16:30:21.140074
568,shirt 656,2538720.0,4.2,3,S,Women,2025-06-11 16:30:21.140074
569,Hoodie 657,8459040.0,4.8,3,M,Unisex,2025-06-11 16:30:21.140074
570,Pants 658,6268320.0,3.8,3,L,Men,2025-06-11 16:30:21.140074
571,Outerwear 659,1817920.0,3.3,3,XL,Women,2025-06-11 16:30:21.140074
572,Jacket 660,8715200.0,3.5,3,XXL,Unisex,2025-06-11 16:30:21.140074
573,shirt 662,1422720.0,4.5,3,M,Women,2025-06-11 16:30:21.817894
574,Hoodie 663,7087200.0,4.0,3,L,Unisex,2025-06-11 16:30:21.817894
575,Pants 664,8248640.0,3.5,3,XL,Men,2025-06-11 16:30:21.817894
576,Outerwear 665,4033600.0,3.2,3,XXL,Women,2025-06-11 16:30:21.817894
577,Jacket 666,4844000.0,3.9,3,S,Unisex,2025-06-11 16:30:21.817894
578,Crewneck 667,1756640.0,3.7,3,M,Men,2025-06-11 16:30:21.817894
579,shirt 668,5044640.0,3.7,3,L,Women,2025-06-11 16:30:21.817894
580,Hoodie 669,2346080.0,3.3,3,XL,Unisex,2025-06-11 16:30:21.817894
581,Pants 670,8406720.0,4.8,3,XXL,Men,2025-06-11 16:30:21.817894
582,Jacket 672,4776160.0,4.5,3,M,Unisex,2025-06-11 16:30:21.817894
583,Crewneck 673,2803360.0,4.7,3,L,Men,2025-06-11 16:30:21.817894
584,shirt 674,3156640.0,3.1,3,XL,Women,2025-06-11 16:30:21.817894
585,Hoodie 675,4314880.0,3.2,3,XXL,Unisex,2025-06-11 16:30:21.817894
586,Outerwear 677,4657440.0,3.3,3,M,Women,2025-06-11 16:30:21.817894
587,Jacket 678,2777120.0,4.3,3,L,Unisex,2025-06-11 16:30:21.817894
588,Crewneck 679,6373120.0,3.2,3,XL,Men,2025-06-11 16:30:21.817894
589,shirt 680,8164800.0,3.2,3,XXL,Women,2025-06-11 16:30:21.817894
590,Pants 682,7616480.0,3.9,3,M,Men,2025-06-11 16:30:22.528353
591,Outerwear 683,3907360.0,3.6,3,L,Women,2025-06-11 16:30:22.528353
592,Jacket 684,7102560.0,3.5,3,XL,Unisex,2025-06-11 16:30:22.528353
593,Crewneck 685,1495840.0,4.6,3,XXL,Men,2025-06-11 16:30:22.528353
594,shirt 686,5381760.0,3.8,3,S,Women,2025-06-11 16:30:22.528353
595,Hoodie 687,4220800.0,4.7,3,M,Unisex,2025-06-11 16:30:22.528353
596,Pants 688,1487520.0,4.4,3,L,Men,2025-06-11 16:30:22.528353
597,Outerwear 689,1939040.0,4.6,3,XL,Women,2025-06-11 16:30:22.528353
598,Jacket 690,8782560.0,4.7,3,XXL,Unisex,2025-06-11 16:30:22.528353
599,shirt 692,1416480.0,4.1,3,M,Women,2025-06-11 16:30:22.528353
600,Hoodie 693,3031680.0,4.1,3,L,Unisex,2025-06-11 16:30:22.528353
601,Pants 694,2466720.0,3.4,3,XL,Men,2025-06-11 16:30:22.528353
602,Outerwear 695,959360.00,3.3,3,XXL,Women,2025-06-11 16:30:22.528353
603,Jacket 696,5146240.0,4.2,3,S,Unisex,2025-06-11 16:30:22.528353
604,Crewneck 697,6545120.0,5.0,3,M,Men,2025-06-11 16:30:22.528353
605,shirt 698,2444960.0,4.1,3,L,Women,2025-06-11 16:30:22.528353
606,Hoodie 699,5250240.0,4.5,3,XL,Unisex,2025-06-11 16:30:22.528353
607,Pants 700,3526560.0,4.3,3,XXL,Men,2025-06-11 16:30:22.528353
608,Jacket 702,4927680.0,4.3,3,M,Unisex,2025-06-11 16:30:23.209905
609,Crewneck 703,2949120.0,4.2,3,L,Men,2025-06-11 16:30:23.209905
610,shirt 704,6214240.0,4.1,3,XL,Women,2025-06-11 16:30:23.209905
611,Hoodie 705,3042880.0,3.1,3,XXL,Unisex,2025-06-11 16:30:23.209905
612,Outerwear 707,7746240.0,4.4,3,M,Women,2025-06-11 16:30:23.209905
613,Jacket 708,8541280.0,4.3,3,L,Unisex,2025-06-11 16:30:23.209905
614,Crewneck 709,7022400.0,3.9,3,XL,Men,2025-06-11 16:30:23.209905
615,shirt 710,3751520.0,3.2,3,XXL,Women,2025-06-11 16:30:23.209905
616,Pants 712,1510400.0,4.1,3,M,Men,2025-06-11 16:30:23.209905
617,Outerwear 713,3142880.0,4.4,3,L,Women,2025-06-11 16:30:23.209905
618,Jacket 714,892320.00,3.1,3,XL,Unisex,2025-06-11 16:30:23.209905
619,Crewneck 715,7021760.0,3.9,3,XXL,Men,2025-06-11 16:30:23.209905
620,shirt 716,3602560.0,4.9,3,S,Women,2025-06-11 16:30:23.209905
621,Hoodie 717,1532800.0,3.6,3,M,Unisex,2025-06-11 16:30:23.209905
622,Pants 718,4057120.0,3.2,3,L,Men,2025-06-11 16:30:23.209905
623,Outerwear 719,3172960.0,4.7,3,XL,Women,2025-06-11 16:30:23.209905
624,Jacket 720,2028320.0,3.8,3,XXL,Unisex,2025-06-11 16:30:23.209905
625,shirt 722,8724320.0,3.2,3,M,Women,2025-06-11 16:30:24.228979
626,Hoodie 723,5664800.0,3.4,3,L,Unisex,2025-06-11 16:30:24.228979
627,Pants 724,4824800.0,4.7,3,XL,Men,2025-06-11 16:30:24.228979
628,Outerwear 725,4979200.0,3.0,3,XXL,Women,2025-06-11 16:30:24.228979
629,Jacket 726,6345920.0,3.5,3,S,Unisex,2025-06-11 16:30:24.228979
630,Crewneck 727,4024000.0,4.8,3,M,Men,2025-06-11 16:30:24.228979
631,shirt 728,8173440.0,3.0,3,L,Women,2025-06-11 16:30:24.228979
632,Hoodie 729,6431360.0,3.6,3,XL,Unisex,2025-06-11 16:30:24.228979
633,Pants 730,7228800.0,4.5,3,XXL,Men,2025-06-11 16:30:24.228979
634,Jacket 732,6597600.0,3.9,3,M,Unisex,2025-06-11 16:30:24.228979
635,Crewneck 733,1162880.0,4.7,3,L,Men,2025-06-11 16:30:24.228979
636,shirt 734,6858560.0,4.2,3,XL,Women,2025-06-11 16:30:24.228979
637,Hoodie 735,4664320.0,4.0,3,XXL,Unisex,2025-06-11 16:30:24.228979
638,Outerwear 737,1015680.0,4.7,3,M,Women,2025-06-11 16:30:24.228979
639,Jacket 738,1893920.0,3.7,3,L,Unisex,2025-06-11 16:30:24.228979
640,Crewneck 739,8072960.0,3.3,3,XL,Men,2025-06-11 16:30:24.228979
641,shirt 740,7016640.0,3.4,3,XXL,Women,2025-06-11 16:30:24.228979
642,Pants 742,5626080.0,3.6,3,M,Men,2025-06-11 16:30:25.264344
643,Outerwear 743,5678080.0,3.0,3,L,Women,2025-06-11 16:30:25.264344
644,Jacket 744,5175680.0,4.1,3,XL,Unisex,2025-06-11 16:30:25.264344
645,Crewneck 745,2882560.0,3.8,3,XXL,Men,2025-06-11 16:30:25.264344
646,shirt 746,1517440.0,5.0,3,S,Women,2025-06-11 16:30:25.264344
647,Hoodie 747,6326880.0,4.7,3,M,Unisex,2025-06-11 16:30:25.264344
648,Pants 748,3134080.0,3.7,3,L,Men,2025-06-11 16:30:25.264344
649,Outerwear 749,2627360.0,3.2,3,XL,Women,2025-06-11 16:30:25.264344
650,Jacket 750,1030400.0,3.7,3,XXL,Unisex,2025-06-11 16:30:25.264344
651,shirt 752,7431520.0,3.8,3,M,Women,2025-06-11 16:30:25.264344
652,Hoodie 753,8137600.0,4.8,3,L,Unisex,2025-06-11 16:30:25.264344
653,Pants 754,7229760.0,3.1,3,XL,Men,2025-06-11 16:30:25.264344
654,Outerwear 755,6910400.0,4.6,3,XXL,Women,2025-06-11 16:30:25.264344
655,Jacket 756,7128000.0,3.1,3,S,Unisex,2025-06-11 16:30:25.264344
656,Crewneck 757,7582720.0,4.4,3,M,Men,2025-06-11 16:30:25.264344
657,shirt 758,6025920.0,3.1,3,L,Women,2025-06-11 16:30:25.264344
658,Hoodie 759,2779840.0,4.7,3,XL,Unisex,2025-06-11 16:30:25.264344
659,Pants 760,2191040.0,4.1,3,XXL,Men,2025-06-11 16:30:25.264344
660,Jacket 762,4091840.0,4.9,3,M,Unisex,2025-06-11 16:30:25.968108
661,Crewneck 763,5792640.0,3.9,3,L,Men,2025-06-11 16:30:25.968108
662,shirt 764,7211680.0,3.4,3,XL,Women,2025-06-11 16:30:25.968108
663,Hoodie 765,1343360.0,4.9,3,XXL,Unisex,2025-06-11 16:30:25.968108
664,Outerwear 767,4152800.0,4.5,3,M,Women,2025-06-11 16:30:25.968108
665,Jacket 768,5662080.0,4.9,3,L,Unisex,2025-06-11 16:30:25.968108
666,Crewneck 769,6294560.0,3.3,3,XL,Men,2025-06-11 16:30:25.968108
667,shirt 770,1655040.0,3.5,3,XXL,Women,2025-06-11 16:30:25.968108
668,Pants 772,8748160.0,3.4,3,M,Men,2025-06-11 16:30:25.968108
669,Outerwear 773,3393600.0,3.2,3,L,Women,2025-06-11 16:30:25.968108
670,Jacket 774,1485760.0,4.1,3,XL,Unisex,2025-06-11 16:30:25.968108
671,Crewneck 775,8189440.0,3.1,3,XXL,Men,2025-06-11 16:30:25.968108
672,shirt 776,5333120.0,3.7,3,S,Women,2025-06-11 16:30:25.968108
673,Hoodie 777,6104800.0,3.4,3,M,Unisex,2025-06-11 16:30:25.968108
674,Pants 778,6034720.0,4.2,3,L,Men,2025-06-11 16:30:25.968108
675,Outerwear 779,5816480.0,3.2,3,XL,Women,2025-06-11 16:30:25.968108
676,Jacket 780,2767520.0,3.4,3,XXL,Unisex,2025-06-11 16:30:25.968108
677,shirt 782,4117440.0,4.5,3,M,Women,2025-06-11 16:30:26.670261
678,Hoodie 783,2510720.0,3.0,3,L,Unisex,2025-06-11 16:30:26.670261
679,Pants 784,5341280.0,3.0,3,XL,Men,2025-06-11 16:30:26.670261
680,Outerwear 785,6444480.0,4.3,3,XXL,Women,2025-06-11 16:30:26.670261
681,Jacket 786,6749280.0,5.0,3,S,Unisex,2025-06-11 16:30:26.670261
682,Crewneck 787,4593600.0,4.7,3,M,Men,2025-06-11 16:30:26.670261
683,shirt 788,3041120.0,4.7,3,L,Women,2025-06-11 16:30:26.670261
684,Hoodie 789,2153280.0,4.0,3,XL,Unisex,2025-06-11 16:30:26.670261
685,Pants 790,1708320.0,3.2,3,XXL,Men,2025-06-11 16:30:26.670261
686,Jacket 792,4068960.0,3.8,3,M,Unisex,2025-06-11 16:30:26.670261
687,Crewneck 793,8650080.0,4.0,3,L,Men,2025-06-11 16:30:26.670261
688,shirt 794,5983040.0,4.0,3,XL,Women,2025-06-11 16:30:26.670261
689,Hoodie 795,4209600.0,3.9,3,XXL,Unisex,2025-06-11 16:30:26.670261
690,Outerwear 797,2771360.0,4.9,3,M,Women,2025-06-11 16:30:26.670261
691,Jacket 798,4391040.0,3.4,3,L,Unisex,2025-06-11 16:30:26.670261
692,Crewneck 799,4048800.0,4.2,3,XL,Men,2025-06-11 16:30:26.670261
693,shirt 800,7433280.0,4.6,3,XXL,Women,2025-06-11 16:30:26.670261
694,Pants 802,5710240.0,4.4,3,M,Men,2025-06-11 16:30:27.367971
695,Outerwear 803,1875360.0,4.3,3,L,Women,2025-06-11 16:30:27.367971
696,Jacket 804,4459040.0,3.9,3,XL,Unisex,2025-06-11 16:30:27.367971
697,Crewneck 805,3266720.0,4.8,3,XXL,Men,2025-06-11 16:30:27.367971
698,shirt 806,7310560.0,3.0,3,S,Women,2025-06-11 16:30:27.367971
699,Hoodie 807,5016000.0,4.7,3,M,Unisex,2025-06-11 16:30:27.367971
700,Pants 808,8717760.0,3.2,3,L,Men,2025-06-11 16:30:27.367971
701,Outerwear 809,7162560.0,3.7,3,XL,Women,2025-06-11 16:30:27.367971
702,Jacket 810,3796640.0,4.8,3,XXL,Unisex,2025-06-11 16:30:27.367971
703,shirt 812,6406080.0,4.2,3,M,Women,2025-06-11 16:30:27.367971
704,Hoodie 813,4872800.0,5.0,3,L,Unisex,2025-06-11 16:30:27.367971
705,Pants 814,1110080.0,4.7,3,XL,Men,2025-06-11 16:30:27.367971
706,Outerwear 815,5985440.0,4.8,3,XXL,Women,2025-06-11 16:30:27.367971
707,Jacket 816,1649120.0,4.5,3,S,Unisex,2025-06-11 16:30:27.367971
708,Crewneck 817,8744160.0,4.4,3,M,Men,2025-06-11 16:30:27.367971
709,shirt 818,5160320.0,3.8,3,L,Women,2025-06-11 16:30:27.367971
710,Hoodie 819,4742400.0,4.7,3,XL,Unisex,2025-06-11 16:30:27.367971
711,Pants 820,6030720.0,3.4,3,XXL,Men,2025-06-11 16:30:27.367971
712,Jacket 822,838240.00,4.2,3,M,Unisex,2025-06-11 16:30:28.069034
713,Crewneck 823,6103520.0,4.7,3,L,Men,2025-06-11 16:30:28.069034
714,shirt 824,3301440.0,4.1,3,XL,Women,2025-06-11 16:30:28.069034
715,Hoodie 825,1058400.0,3.8,3,XXL,Unisex,2025-06-11 16:30:28.069034
716,Outerwear 827,7091040.0,4.8,3,M,Women,2025-06-11 16:30:28.069034
717,Jacket 828,2324000.0,4.6,3,L,Unisex,2025-06-11 16:30:28.069034
718,Crewneck 829,4630400.0,4.4,3,XL,Men,2025-06-11 16:30:28.069034
719,shirt 830,4496480.0,3.0,3,XXL,Women,2025-06-11 16:30:28.069034
720,Pants 832,3955360.0,4.6,3,M,Men,2025-06-11 16:30:28.069034
721,Outerwear 833,7101280.0,3.0,3,L,Women,2025-06-11 16:30:28.069034
722,Jacket 834,7223680.0,3.1,3,XL,Unisex,2025-06-11 16:30:28.069034
723,Crewneck 835,7143360.0,3.9,3,XXL,Men,2025-06-11 16:30:28.069034
724,shirt 836,6065440.0,4.1,3,S,Women,2025-06-11 16:30:28.069034
725,Hoodie 837,5532640.0,5.0,3,M,Unisex,2025-06-11 16:30:28.069034
726,Pants 838,2848800.0,3.1,3,L,Men,2025-06-11 16:30:28.069034
727,Outerwear 839,4208320.0,3.9,3,XL,Women,2025-06-11 16:30:28.069034
728,Jacket 840,8164640.0,3.6,3,XXL,Unisex,2025-06-11 16:30:28.069034
729,shirt 842,2859040.0,3.3,3,M,Women,2025-06-11 16:30:28.761369
730,Hoodie 843,2997120.0,3.6,3,L,Unisex,2025-06-11 16:30:28.761369
731,Pants 844,7422880.0,3.9,3,XL,Men,2025-06-11 16:30:28.761369
732,Outerwear 845,2023200.0,3.2,3,XXL,Women,2025-06-11 16:30:28.761369
733,Jacket 846,7480480.0,3.6,3,S,Unisex,2025-06-11 16:30:28.761369
734,Crewneck 847,4789920.0,3.7,3,M,Men,2025-06-11 16:30:28.761369
735,shirt 848,6134240.0,4.1,3,L,Women,2025-06-11 16:30:28.761369
736,Hoodie 849,7816160.0,3.5,3,XL,Unisex,2025-06-11 16:30:28.761369
737,Pants 850,4144160.0,4.2,3,XXL,Men,2025-06-11 16:30:28.761369
738,Jacket 852,2777280.0,4.1,3,M,Unisex,2025-06-11 16:30:28.761369
739,Crewneck 853,2643840.0,3.4,3,L,Men,2025-06-11 16:30:28.761369
740,shirt 854,1600000,4.5,3,XL,Women,2025-06-11 16:30:28.761369
741,Hoodie 855,3249760.0,5.0,3,XXL,Unisex,2025-06-11 16:30:28.761369
742,Outerwear 857,4532800.0,3.0,3,M,Women,2025-06-11 16:30:28.761369
743,Jacket 858,3748640.0,3.7,3,L,Unisex,2025-06-11 16:30:28.761369
744,Crewneck 859,6418560.0,3.0,3,XL,Men,2025-06-11 16:30:28.761369
745,shirt 860,2419360.0,4.7,3,XXL,Women,2025-06-11 16:30:28.761369
746,Pants 862,4131360.0,3.3,3,M,Men,2025-06-11 16:30:29.469040
747,Outerwear 863,1071360.0,4.0,3,L,Women,2025-06-11 16:30:29.469040
748,Jacket 864,2168000.0,4.5,3,XL,Unisex,2025-06-11 16:30:29.469040
749,Crewneck 865,6805120.0,3.9,3,XXL,Men,2025-06-11 16:30:29.469040
750,shirt 866,2399040.0,3.2,3,S,Women,2025-06-11 16:30:29.469040
751,Hoodie 867,1303840.0,3.3,3,M,Unisex,2025-06-11 16:30:29.469040
752,Pants 868,7473760.0,4.6,3,L,Men,2025-06-11 16:30:29.469040
753,Outerwear 869,6040320.0,4.5,3,XL,Women,2025-06-11 16:30:29.469040
754,Jacket 870,6395040.0,3.5,3,XXL,Unisex,2025-06-11 16:30:29.469040
755,shirt 872,1343680.0,4.3,3,M,Women,2025-06-11 16:30:29.469040
756,Hoodie 873,8321600.0,4.8,3,L,Unisex,2025-06-11 16:30:29.469040
757,Pants 874,2755200.0,4.4,3,XL,Men,2025-06-11 16:30:29.469040
758,Outerwear 875,2506720.0,4.6,3,XXL,Women,2025-06-11 16:30:29.469040
759,Jacket 876,3225760.0,4.6,3,S,Unisex,2025-06-11 16:30:29.469040
760,Crewneck 877,4552640.0,4.6,3,M,Men,2025-06-11 16:30:29.469040
761,shirt 878,4809760.0,4.7,3,L,Women,2025-06-11 16:30:29.469040
762,Hoodie 879,1026880.0,3.1,3,XL,Unisex,2025-06-11 16:30:29.469040
763,Pants 880,6497760.0,4.3,3,XXL,Men,2025-06-11 16:30:29.469040
764,Jacket 882,6420960.0,3.3,3,M,Unisex,2025-06-11 16:30:30.462095
765,Crewneck 883,5901120.0,3.6,3,L,Men,2025-06-11 16:30:30.462095
766,shirt 884,7414720.0,4.3,3,XL,Women,2025-06-11 16:30:30.462095
767,Hoodie 885,4760640.0,3.4,3,XXL,Unisex,2025-06-11 16:30:30.462095
768,Outerwear 887,7806400.0,3.8,3,M,Women,2025-06-11 16:30:30.462095
769,Jacket 888,7869280.0,4.2,3,L,Unisex,2025-06-11 16:30:30.462095
770,Crewneck 889,6333920.0,4.6,3,XL,Men,2025-06-11 16:30:30.462095
771,shirt 890,6439040.0,4.7,3,XXL,Women,2025-06-11 16:30:30.462095
772,Pants 892,8515360.0,4.4,3,M,Men,2025-06-11 16:30:30.462095
773,Outerwear 893,2673600.0,3.2,3,L,Women,2025-06-11 16:30:30.462095
774,Jacket 894,2946560.0,4.8,3,XL,Unisex,2025-06-11 16:30:30.462095
775,Crewneck 895,1126720.0,4.3,3,XXL,Men,2025-06-11 16:30:30.462095
776,shirt 896,7873760.0,4.9,3,S,Women,2025-06-11 16:30:30.462095
777,Hoodie 897,6077920.0,3.1,3,M,Unisex,2025-06-11 16:30:30.462095
778,Pants 898,8408640.0,4.1,3,L,Men,2025-06-11 16:30:30.462095
779,Outerwear 899,6192960.0,4.8,3,XL,Women,2025-06-11 16:30:30.462095
780,Jacket 900,7214240.0,3.3,3,XXL,Unisex,2025-06-11 16:30:30.462095
781,shirt 902,3164000.0,3.6,3,M,Women,2025-06-11 16:30:31.231563
782,Hoodie 903,2617920.0,4.1,3,L,Unisex,2025-06-11 16:30:31.231563
783,Pants 904,3356320.0,3.9,3,XL,Men,2025-06-11 16:30:31.231563
784,Outerwear 905,5027840.0,4.9,3,XXL,Women,2025-06-11 16:30:31.231563
785,Jacket 906,4301760.0,3.9,3,S,Unisex,2025-06-11 16:30:31.231563
786,Crewneck 907,8732640.0,4.9,3,M,Men,2025-06-11 16:30:31.231563
787,shirt 908,7954880.0,4.2,3,L,Women,2025-06-11 16:30:31.231563
788,Hoodie 909,8383840.0,3.6,3,XL,Unisex,2025-06-11 16:30:31.231563
789,Pants 910,2395200.0,4.7,3,XXL,Men,2025-06-11 16:30:31.231563
790,Jacket 912,7853280.0,4.9,3,M,Unisex,2025-06-11 16:30:31.231563
791,Crewneck 913,3222240.0,3.5,3,L,Men,2025-06-11 16:30:31.231563
792,shirt 914,5799200.0,4.6,3,XL,Women,2025-06-11 16:30:31.231563
793,Hoodie 915,2649120.0,4.2,3,XXL,Unisex,2025-06-11 16:30:31.231563
794,Outerwear 917,6061600.0,4.0,3,M,Women,2025-06-11 16:30:31.231563
795,Jacket 918,5380800.0,3.3,3,L,Unisex,2025-06-11 16:30:31.231563
796,Crewneck 919,8364000.0,4.7,3,XL,Men,2025-06-11 16:30:31.231563
797,shirt 920,3706080.0,3.2,3,XXL,Women,2025-06-11 16:30:31.231563
798,Pants 922,1210880.0,4.4,3,M,Men,2025-06-11 16:30:31.938269
799,Outerwear 923,2435840.0,3.7,3,L,Women,2025-06-11 16:30:31.938269
800,Jacket 924,3764320.0,3.8,3,XL,Unisex,2025-06-11 16:30:31.938269
801,Crewneck 925,7900800.0,4.5,3,XXL,Men,2025-06-11 16:30:31.938269
802,shirt 926,1911040.0,4.6,3,S,Women,2025-06-11 16:30:31.938269
803,Hoodie 927,7706400.0,3.5,3,M,Unisex,2025-06-11 16:30:31.938269
804,Pants 928,3911680.0,3.4,3,L,Men,2025-06-11 16:30:31.938269
805,Outerwear 929,1253440.0,3.3,3,XL,Women,2025-06-11 16:30:31.938269
806,Jacket 930,1741120.0,4.9,3,XXL,Unisex,2025-06-11 16:30:31.938269
807,shirt 932,5937600.0,4.2,3,M,Women,2025-06-11 16:30:31.938269
808,Hoodie 933,4960800.0,3.4,3,L,Unisex,2025-06-11 16:30:31.938269
809,Pants 934,2248160.0,3.6,3,XL,Men,2025-06-11 16:30:31.938269
810,Outerwear 935,6048000,4.1,3,XXL,Women,2025-06-11 16:30:31.938269
811,Jacket 936,6165440.0,3.1,3,S,Unisex,2025-06-11 16:30:31.938269
812,Crewneck 937,2475360.0,4.1,3,M,Men,2025-06-11 16:30:31.938269
813,shirt 938,4058400.0,3.6,3,L,Women,2025-06-11 16:30:31.938269
814,Hoodie 939,4466080.0,4.8,3,XL,Unisex,2025-06-11 16:30:31.938269
815,Pants 940,5776000,3.7,3,XXL,Men,2025-06-11 16:30:31.938269
816,Jacket 942,7972960.0,3.0,3,M,Unisex,2025-06-11 16:30:33.058182
817,Crewneck 943,4571040.0,4.4,3,L,Men,2025-06-11 16:30:33.058182
818,shirt 944,1578240.0,4.6,3,XL,Women,2025-06-11 16:30:33.058182
819,Hoodie 945,2107680.0,4.2,3,XXL,Unisex,2025-06-11 16:30:33.058182
820,Outerwear 947,7079680.0,4.6,3,M,Women,2025-06-11 16:30:33.058182
821,Jacket 948,4600480.0,3.9,3,L,Unisex,2025-06-11 16:30:33.058182
822,Crewneck 949,1844320.0,4.4,3,XL,Men,2025-06-11 16:30:33.058182
823,shirt 950,7691680.0,4.9,3,XXL,Women,2025-06-11 16:30:33.058182
824,Pants 952,7155040.0,3.7,3,M,Men,2025-06-11 16:30:33.058182
825,Outerwear 953,8423200.0,3.8,3,L,Women,2025-06-11 16:30:33.058182
826,Jacket 954,3878720.0,4.1,3,XL,Unisex,2025-06-11 16:30:33.058182
827,Crewneck 955,7006560.0,4.7,3,XXL,Men,2025-06-11 16:30:33.058182
828,shirt 956,4457600.0,3.1,3,S,Women,2025-06-11 16:30:33.058182
829,Hoodie 957,4024320.0,4.4,3,M,Unisex,2025-06-11 16:30:33.058182
830,Pants 958,3946240.0,4.8,3,L,Men,2025-06-11 16:30:33.058182
831,Outerwear 959,6828480.0,4.6,3,XL,Women,2025-06-11 16:30:33.058182
832,Jacket 960,5840160.0,4.5,3,XXL,Unisex,2025-06-11 16:30:33.058182
833,shirt 962,2887840.0,4.1,3,M,Women,2025-06-11 16:30:33.778847
834,Hoodie 963,7916160.0,4.6,3,L,Unisex,2025-06-11 16:30:33.778847
835,Pants 964,3885280.0,3.3,3,XL,Men,2025-06-11 16:30:33.778847
836,Outerwear 965,3107200.0,4.5,3,XXL,Women,2025-06-11 16:30:33.778847
837,Jacket 966,8499520.0,4.9,3,S,Unisex,2025-06-11 16:30:33.778847
838,Crewneck 967,1744000,3.5,3,M,Men,2025-06-11 16:30:33.778847
839,shirt 968,4045120.0,4.4,3,L,Women,2025-06-11 16:30:33.778847
840,Hoodie 969,4231840.0,3.8,3,XL,Unisex,2025-06-11 16:30:33.778847
841,Pants 970,952960.00,4.6,3,XXL,Men,2025-06-11 16:30:33.778847
842,Jacket 972,7272000.0,4.4,3,M,Unisex,2025-06-11 16:30:33.778847
843,Crewneck 973,7134400.0,3.9,3,L,Men,2025-06-11 16:30:33.778847
844,shirt 974,4769280.0,3.0,3,XL,Women,2025-06-11 16:30:33.778847
845,Hoodie 975,4816000,3.6,3,XXL,Unisex,2025-06-11 16:30:33.778847
846,Outerwear 977,3356000.0,3.6,3,M,Women,2025-06-11 16:30:33.778847
847,Jacket 978,3918240.0,3.6,3,L,Unisex,2025-06-11 16:30:33.778847
848,Crewneck 979,4848480.0,3.4,3,XL,Men,2025-06-11 16:30:33.778847
849,shirt 980,6544000,3.1,3,XXL,Women,2025-06-11 16:30:33.778847
850,Pants 982,7281760.0,4.9,3,M,Men,2025-06-11 16:30:34.486144
851,Outerwear 983,5762560.0,3.2,3,L,Women,2025-06-11 16:30:34.486144
852,Jacket 984,7349440.0,3.8,3,XL,Unisex,2025-06-11 16:30:34.486144
853,Crewneck 985,6236000.0,4.3,3,XXL,Men,2025-06-11 16:30:34.486144
854,shirt 986,6713760.0,4.5,3,S,Women,2025-06-11 16:30:34.486144
855,Hoodie 987,4008000.0,4.7,3,M,Unisex,2025-06-11 16:30:34.486144
856,Pants 988,2054240.0,3.5,3,L,Men,2025-06-11 16:30:34.486144
857,Outerwear 989,6869440.0,4.2,3,XL,Women,2025-06-11 16:30:34.486144
858,Jacket 990,3327360.0,4.2,3,XXL,Unisex,2025-06-11 16:30:34.486144
859,shirt 992,4840480.0,4.9,3,M,Women,2025-06-11 16:30:34.486144
860,Hoodie 993,6361920.0,3.4,3,L,Unisex,2025-06-11 16:30:34.486144
861,Pants 994,1693760.0,4.4,3,XL,Men,2025-06-11 16:30:34.486144
862,Outerwear 995,8046720.0,3.2,3,XXL,Women,2025-06-11 16:30:34.486144
863,Jacket 996,6942400.0,4.3,3,S,Unisex,2025-06-11 16:30:34.486144
864,Crewneck 997,5321280.0,3.9,3,M,Men,2025-06-11 16:30:34.486144
865,shirt 998,908000.00,4.2,3,L,Women,2025-06-11 16:30:34.486144
866,Hoodie 999,8534240.0,4.8,3,XL,Unisex,2025-06-11 16:30:34.486144
867,Pants 1000,2938240.0,4.7,3,XXL,Men,2025-06-11 16:30:34.486144
